table,panel,model,outcome,term,b,se,pval,n,r2,vce
subscores,,joint,overall,z_gs_w1,.0671292819232558,.0827637404786551,.4196589533312602,99,.6358541462900276,hc3
subscores,,joint,overall,z_gs_w2,.1112628493297158,.0395048357755467,.0060813141894483,99,.6358541462900276,hc3
subscores,,joint,overall,z_gs_s1,.1148529960526166,.041916049647152,.0075359483704917,99,.6358541462900276,hc3
subscores,,joint,overall,z_gs_s2,-.000315600273501,.0457843857241405,.9945168197392695,99,.6358541462900276,hc3
subscores,,joint,overall,z_gs_t1,.0002359577070422,.0866302683158173,.9978333937586206,99,.6358541462900276,hc3
subscores,vif,joint,overall,z_gs_w1,5.767372732646967,,,99,,
subscores,vif,joint,overall,z_gs_w2,2.019693421146704,,,99,,
subscores,vif,joint,overall,z_gs_s1,1.930843804702538,,,99,,
subscores,vif,joint,overall,z_gs_s2,2.148175601549227,,,99,,
subscores,vif,joint,overall,z_gs_t1,6.625584823074321,,,99,,
subscores,,joint,english,z_gs_w1,.1137321497871025,.0816999202111429,.1676647877567016,99,.6437543519740401,hc3
subscores,,joint,english,z_gs_w2,.1355357474369346,.0423988606588614,.0019751454511757,99,.6437543519740401,hc3
subscores,,joint,english,z_gs_s1,.1295694348428223,.0379663821260281,.0010013665328839,99,.6437543519740401,hc3
subscores,,joint,english,z_gs_s2,-.0538250823531341,.0481594841341206,.266983589078377,99,.6437543519740401,hc3
subscores,,joint,english,z_gs_t1,-.0534672629344331,.0960191421566533,.5791536638064685,99,.6437543519740401,hc3
subscores,,joint,maths,z_gs_w1,.1150519485069518,.0835480457043895,.1722367327428219,99,.5587556829752212,hc3
subscores,,joint,maths,z_gs_w2,.1077056723048437,.0430901401176307,.0144299548325496,99,.5587556829752212,hc3
subscores,,joint,maths,z_gs_s1,.1057929671361909,.0516817112916344,.0438595425997588,99,.5587556829752212,hc3
subscores,,joint,maths,z_gs_s2,-.0210353378890679,.0487266033435505,.6670914907914591,99,.5587556829752212,hc3
subscores,,joint,maths,z_gs_t1,-.0632810622433792,.0866212712480498,.4671370100772897,99,.5587556829752212,hc3
items,,single,overall,z_it_classroommisbehaviour,.1698461206934703,.0352020312789393,6.09750591729e-06,98,.5316236875548536,hc3
items,,single,overall,z_it_classroomresponse,.1660982262794369,.0394421929382614,.0000628798652282,98,.5214015614185266,hc3
items,,single,overall,z_it_classroomdisruption,.1460716256652066,.0413528968598622,.0006685219959681,98,.4972775247552369,hc3
items,,single,overall,z_it_classroomconcentration,.2041623994359006,.0371528241963025,4.00511764721e-07,98,.5737538839419142,hc3
items,,single,overall,z_it_classroomteacher,.1340963106254724,.0448697467948396,.0036747157602253,97,.4756827396460398,hc3
items,,single,overall,z_it_classroomstudent,.1527543438979302,.050378058853705,.0032186594987541,98,.4874559029779522,hc3
items,,single,overall,z_it_classroommotivation,.1946292033184243,.0442470589880784,.0000313900946041,98,.5389912291125978,hc3
items,,single,overall,z_it_classroomrespectfully,.1820387608829069,.0467451384975011,.0001954955090256,98,.5360185528268758,hc3
items,,single,overall,z_it_classroomnames,.151568231722656,.0370113770770193,.0000958142162652,98,.5044443713308184,hc3
items,,single,overall,z_it_classroompraise,.1642773618758,.0446830710552194,.0004132824816295,98,.5051065880063363,hc3
items,,single,overall,z_it_classroominteractions,.1462349369818711,.0444354564197112,.0014550241344732,98,.4835989515253192,hc3
items,,single,overall,z_it_classroomquestioning,.1652566200271381,.0480019944835862,.0008959586089632,98,.5028890703345053,hc3
items,,single,overall,z_it_classroomverbal,.1533862430446967,.0534141455115726,.0051538931518498,98,.4835397184594384,hc3
items,,single,overall,z_it_classroomdiscussion,.0645656763039334,.0460387394937798,.1644746678149824,97,.4215995144122598,hc3
items,,single,overall,z_it_classroomdifferentiation,.1397369050119684,.052772118590289,.0096516917651106,98,.4733508055377385,hc3
items,,single,overall,z_it_classroomexplanation,.1765944447319784,.0392131546837857,.0000211401173857,98,.5165756371835346,hc3
items,,single,overall,z_it_classroomoutcomes,.2218726123118017,.0401998616591693,3.62210100336e-07,98,.5826183183448825,hc3
items,,single,overall,z_it_classroommethods,.1662119973292598,.0423635278828828,.0001764872290425,98,.5097647167499202,hc3
items,,single,overall,z_it_classroomstructure,.1475928170915221,.0371148829143843,.0001463083322624,98,.4927761701368962,hc3
items,,single,overall,z_it_classroomresource,.1427375426274229,.0416089629178967,.0009322081922138,98,.4906862262392094,hc3
items,,single,overall,z_it_outsidesanction,.1355693017478694,.0441451581123637,.0029041005002139,94,.4762190103347567,hc3
items,,single,overall,z_it_outsidereward,.1201160986609201,.0436326463822407,.007271371595279,95,.4668831828165376,hc3
items,,single,overall,z_it_outsideverbal,.0977832811404321,.054192279718987,.0751869392631754,88,.4518291243414031,hc3
items,,single,overall,z_it_outsidedifferentiation,.0618322600179026,.0618389485089037,.3205780049445395,88,.4281406846247092,hc3
items,,single,overall,z_it_outsidecorridors,.1344232664222764,.0438209868796304,.0029139189150972,96,.4843952105369354,hc3
items,,single,overall,z_it_outsidearrival,.124921794910408,.0456911381473789,.0076455255251404,96,.4681722367874387,hc3
items,,single,overall,z_it_outsidestudents,.1759587260976437,.0389989169898555,.0000209746539371,96,.5228639568830142,hc3
items,,single,overall,z_it_outsidedisplays,.0976850237444267,.0404728116927614,.0180240265736589,95,.4408237891109068,hc3
items,,single,overall,z_it_outsidealignment,.0500191170538529,.0449838004214145,.2694150112403669,95,.4126844115465207,hc3
items,,single,overall,z_it_outsideinteractions,.1278674156818712,.0494000690395161,.0113817816702386,96,.4718682899380925,hc3
items,,single,overall,z_it_outsiderelationships,.1532118029119438,.0371290612520497,.0000863475901693,97,.5002160586064071,hc3
items,,single,overall,z_it_outsidecanteen,.0576116226750615,.0379245286484315,.1325806491648973,95,.4162261882406434,hc3
items,,single,overall,z_it_outsiderecreational,.0938322872212746,.0400667307349636,.0215819774674789,96,.4436042503989953,hc3
typology,gold,interaction,overall,z_gs_warmth_enacted,.150482277011996,.0433412776736161,.0008185696281424,99,.6315790905652499,hc3
typology,gold,interaction,overall,z_gs_strictness_enacted,.1088876533994761,.0417441139568355,.0107636257831865,99,.6315790905652499,hc3
typology,gold,interaction,overall,z_wxs,.0390345654565985,.0349971273886882,.2678748921952262,99,.6315790905652499,hc3
typology,gold,quadrant_adjmean,overall,quad1,.5465935443241854,.0660051698370068,,33,,hc1
typology,gold,quadrant_adjmean,overall,quad2,.141808304625399,.0750392718062551,,16,,hc1
typology,gold,quadrant_adjmean,overall,quad3,.3804291472336997,.0729939332424792,,15,,hc1
typology,gold,quadrant_adjmean,overall,quad4,.0346297987082865,.0576146190805754,,35,,hc1
typology,gold,auth_vs_rest,overall,auth,.4026784478466521,.0884999233862951,.0000174908062545,99,.5584916706215313,hc3
typology,natA,interaction,overall,z_ofsted_llmwarmthscore,.0300926790837685,.0073388226320793,.0000423105379574,3052,.5216670126280925,hc3
typology,natA,interaction,overall,z_ofsted_llmstrictnessscore,.1301296200800477,.0086738465515013,3.89011729965e-49,3052,.5216670126280925,hc3
typology,natA,interaction,overall,z_wxs,.0184866565687763,.0041723287306799,9.72126273411e-06,3052,.5216670126280925,hc3
typology,natA,quadrant_adjmean,overall,quad1,.3510968056743562,.0327402236330968,,90,,hc3
typology,natA,quadrant_adjmean,overall,quad2,.332293927453906,.0235829906410657,,356,,hc3
typology,natA,quadrant_adjmean,overall,quad3,.1667681934693623,.0428770049321911,,57,,hc3
typology,natA,quadrant_adjmean,overall,quad4,-.0520659622252011,.0071771378904419,,2549,,hc3
typology,natA,auth_vs_rest,overall,auth,.2899606755565247,.0338218148953699,1.57703177181e-17,3052,.4632634060339741,hc3
typology,natB,interaction,overall,z_ofsted_llmwarmthscore,.0275197448027414,.0073739818207759,.0001938340359653,2746,.5318453749988682,hc3
typology,natB,interaction,overall,z_ofsted_llmstrictnessscore,.128811860279091,.0087705362195796,4.65201600694e-47,2746,.5318453749988682,hc3
typology,natB,interaction,overall,z_wxs,.0155011234441868,.004516236696293,.0006073667513653,2746,.5318453749988682,hc3
typology,natB,quadrant_adjmean,overall,quad1,.2888458887898122,.0338089848894992,,84,,hc3
typology,natB,quadrant_adjmean,overall,quad2,.2774812299338919,.0240225206774999,,334,,hc3
typology,natB,quadrant_adjmean,overall,quad3,.1738441541696056,.0426155690243565,,54,,hc3
typology,natB,quadrant_adjmean,overall,quad4,-.0221435223313204,.0072228872059696,,2274,,hc3
typology,natB,auth_vs_rest,overall,auth,.2689892027089055,.034017962334854,3.78414527585e-15,2746,.4729882468472617,hc3
gaps,gold_warmth,signed,overall,z_gs_warmth_enacted,.2519315379883298,.0465525570246657,5.66962234015e-07,99,.6048563056871654,hc3
gaps,gold_warmth,signed,overall,sgap,.0469439682082042,.0400678472396773,.2446265607617729,99,.6048563056871654,hc3
gaps,gold_warmth,absolute,overall,z_gs_warmth_enacted,.2233209765400885,.0341371936311318,4.33922575218e-09,99,.5991546314693895,hc3
gaps,gold_warmth,absolute,overall,agap,.0319819112274956,.0463135181776089,.4917282751172295,99,.5991546314693895,hc3
gaps,gold_warmth,absolute_quad,overall,z_gs_warmth_enacted,.2231948518812029,.0364393552487745,2.89794842595e-08,99,.6025923912772355,hc3
gaps,gold_warmth,absolute_quad,overall,agap,.0110099589265001,.0577504185393024,.849267509972649,99,.6025923912772355,hc3
gaps,gold_warmth,absolute_quad,overall,zd2,.0012469042786612,.0163784746319028,.9394983469572571,99,.6025923912772355,hc3
gaps,gold_warmth,absolute_quad,overall,ze2,.0258154486764254,.0471786399847837,.5857198639853045,99,.6025923912772355,hc3
gaps,gold_strictness,signed,overall,z_gs_strictness_enacted,.2356605842413951,.043512235189201,5.57170530131e-07,99,.5888143434367994,hc3
gaps,gold_strictness,signed,overall,sgap,.0646025759137831,.0500489446707852,.2002770527445383,99,.5888143434367994,hc3
gaps,gold_strictness,absolute,overall,z_gs_strictness_enacted,.2007467930313842,.0348661127112045,1.32351570620e-07,99,.5764451315856807,hc3
gaps,gold_strictness,absolute,overall,agap,.0023933298242803,.0608957189473016,.968741694171745,99,.5764451315856807,hc3
gaps,gold_strictness,absolute_quad,overall,z_gs_strictness_enacted,.2000761233501082,.0347817021647576,1.42721940190e-07,99,.5895498491199709,hc3
gaps,gold_strictness,absolute_quad,overall,agap,-.0154768499950525,.0611251637896488,.8007402765136775,99,.5895498491199709,hc3
gaps,gold_strictness,absolute_quad,overall,zd2,.0258303221456615,.0240089015881198,.2851053150902683,99,.5895498491199709,hc3
gaps,gold_strictness,absolute_quad,overall,ze2,.0265364471213453,.0362268077620191,.4659217820979115,99,.5895498491199709,hc3
gaps,nat_bp_warmth,signed,overall,z_ofsted_llmwarmthscore,.0621794381574235,.0094430661129697,5.50943584356e-11,2745,.4886053804180588,cluster
gaps,nat_bp_warmth,signed,overall,sgap,-.0144901350803295,.0070640603256232,.0403441481560208,2745,.4886053804180588,cluster
gaps,nat_bp_warmth,absolute,overall,z_ofsted_llmwarmthscore,.0773705696327581,.0064789559590968,4.97036605931e-32,2745,.4877560387190225,cluster
gaps,nat_bp_warmth,absolute,overall,agap,.0028102952511721,.0068296874203355,.6807532943735802,2745,.4877560387190225,cluster
gaps,nat_bp_warmth,absolute_quad,overall,z_ofsted_llmwarmthscore,.0790383981888934,.0065463070614642,1.09802749823e-32,2745,.4879808160422542,cluster
gaps,nat_bp_warmth,absolute_quad,overall,agap,-.0051455108398141,.010842553742735,.6351364838107466,2745,.4879808160422542,cluster
gaps,nat_bp_warmth,absolute_quad,overall,zd2,.0031508642293488,.0078942263985006,.689826732564069,2745,.4879808160422542,cluster
gaps,nat_bp_warmth,absolute_quad,overall,ze2,.0052462346218792,.0046347503484026,.2577676262146233,2745,.4879808160422542,cluster
gaps,nat_bp_strictness,signed,overall,z_ofsted_llmstrictnessscore,.1289797268454842,.0094958022171464,1.24088023127e-40,2745,.5288515218868313,cluster
gaps,nat_bp_strictness,signed,overall,sgap,-.0067455468809477,.0067606656333773,.3184879892124093,2745,.5288515218868313,cluster
gaps,nat_bp_strictness,absolute,overall,z_ofsted_llmstrictnessscore,.1408462534170199,.0076584272483284,4.66558997126e-71,2745,.5315652462958145,cluster
gaps,nat_bp_strictness,absolute,overall,agap,.0279063616768613,.0076825396232965,.0002862544538861,2745,.5315652462958145,cluster
gaps,nat_bp_strictness,absolute_quad,overall,z_ofsted_llmstrictnessscore,.150461557225683,.0081142253073067,3.89264484045e-72,2745,.5354962150244063,cluster
gaps,nat_bp_strictness,absolute_quad,overall,agap,.0035286063612782,.0104955682406934,.736747795759449,2745,.5354962150244063,cluster
gaps,nat_bp_strictness,absolute_quad,overall,zd2,.004174723121535,.0054051843786535,.4399750874654463,2745,.5354962150244063,cluster
gaps,nat_bp_strictness,absolute_quad,overall,ze2,.0256943477586525,.0054264717374108,2.30965356180e-06,2745,.5354962150244063,cluster
gaps,nat_web_warmth,signed,overall,z_ofsted_llmwarmthscore,.0663622853668072,.0087051097204063,3.38819331051e-14,2743,.4875805009853652,hc3
gaps,nat_web_warmth,signed,overall,sgap,-.0106370665121746,.0063555204398391,.0943093735528417,2743,.4875805009853652,hc3
gaps,nat_web_warmth,absolute,overall,z_ofsted_llmwarmthscore,.0768130793574325,.0065549067961337,5.59325197979e-31,2743,.4871105287307813,hc3
gaps,nat_web_warmth,absolute,overall,agap,-.0002386769865475,.0089524573634893,.9787324679268758,2743,.4871105287307813,hc3
gaps,nat_web_warmth,absolute_quad,overall,z_ofsted_llmwarmthscore,.0788202085901575,.0066587622052342,1.46734481360e-31,2743,.4874605685440224,hc3
gaps,nat_web_warmth,absolute_quad,overall,agap,-.0074171829037823,.0128848171682963,.5648972867860707,2743,.4874605685440224,hc3
gaps,nat_web_warmth,absolute_quad,overall,zd2,-.0017741608118304,.0051456634729567,.7302806658972669,2743,.4874605685440224,hc3
gaps,nat_web_warmth,absolute_quad,overall,ze2,.0054993791040902,.004106686153286,.1806405575726623,2743,.4874605685440224,hc3
gaps,nat_web_strictness,signed,overall,z_ofsted_llmstrictnessscore,.1351700790561871,.0099449241035425,9.21462480000e-41,2743,.5278701282307317,hc3
gaps,nat_web_strictness,signed,overall,sgap,-.0004262859630833,.0066019202867503,.9485211041894422,2743,.5278701282307317,hc3
gaps,nat_web_strictness,absolute,overall,z_ofsted_llmstrictnessscore,.1375286803728342,.0075452140690372,3.85422547160e-70,2743,.5289819863985679,hc3
gaps,nat_web_strictness,absolute,overall,agap,.0209380958607314,.0083330138244645,.01203943313883,2743,.5289819863985679,hc3
gaps,nat_web_strictness,absolute_quad,overall,z_ofsted_llmstrictnessscore,.1504420238475133,.0082637904862721,5.57854300417e-70,2743,.5344635002342961,hc3
gaps,nat_web_strictness,absolute_quad,overall,agap,-.0011539900123869,.0114185618201887,.9195081639555256,2743,.5344635002342961,hc3
gaps,nat_web_strictness,absolute_quad,overall,zd2,-.0040921670283916,.0063850985130661,.5216458445911104,2743,.5344635002342961,hc3
gaps,nat_web_strictness,absolute_quad,overall,ze2,.0270349438097453,.0054424026854336,7.20227935072e-07,2743,.5344635002342961,hc3
parentview,A,web_llmwarmthscore_v18,pv_warmth,z_web_llmwarmthscore_v18,.0015375210258628,.0026656854042605,.5641289851404059,3053,.2388517228072533,hc3
parentview,A_corr,web_llmwarmthscore_v18,pv_warmth,pearson,.0347551457303371,,,3053,,
parentview,A_corr,web_llmwarmthscore_v18,pv_warmth,spearman,.0348487501008353,,.0541915258184619,3053,,
parentview,A,web_llmwarmthscore_v13,pv_warmth,z_web_llmwarmthscore_v13,.0008604513934503,.0027003185615266,.750015246405236,3053,.2387957747972733,hc3
parentview,A_corr,web_llmwarmthscore_v13,pv_warmth,pearson,.0323821528427568,,,3053,,
parentview,A_corr,web_llmwarmthscore_v13,pv_warmth,spearman,.0258080324043999,,.1539699272180926,3053,,
parentview,A,bp_llmwarmthscore_v4,pv_warmth,z_bp_llmwarmthscore_v4,-.0054851991865877,.0028703375527919,.0561061875578382,3043,.2404785420651181,cluster
parentview,A_corr,bp_llmwarmthscore_v4,pv_warmth,pearson,-.0369007163138499,,,3043,,
parentview,A_corr,bp_llmwarmthscore_v4,pv_warmth,spearman,-.0403712850906134,,.0259525243884999,3043,,
parentview,A,ofsted_llmwarmthscore,pv_warmth,z_ofsted_llmwarmthscore,.0495525299793677,.0025544870337528,4.23814973966e-79,3034,.3225551517511812,hc3
parentview,A_corr,ofsted_llmwarmthscore,pv_warmth,pearson,.392766386884162,,,3034,,
parentview,A_corr,ofsted_llmwarmthscore,pv_warmth,spearman,.3866082090761765,,1.1204643876e-110,3034,,
parentview,B,pv_to_p8,overall,z_pv_warmth,.1464844875871296,.0084463300414016,5.21932385912e-64,2749,.5340535923966575,hc3
parentview,B,pv_to_p8,english,z_pv_warmth,.1182557558012167,.0092143398786998,1.18264744222e-36,2749,.4524121694910561,hc3
parentview,B,pv_to_p8,maths,z_pv_warmth,.1215358092873659,.0088081058292717,6.40996895494e-42,2749,.4703335597058078,hc3
llm_matrix,A,ofsted_llmstrictnessscore,overall,z_ofsted_llmstrictnessscore,.136785554768231,.0072183726724914,8.76728380585e-76,3052,.517642498068859,hc3
llm_matrix,B,ofsted_llmstrictnessscore,overall,z_ofsted_llmstrictnessscore,.1356655962902325,.0073790091471633,2.86849243952e-71,2746,.5285702691039631,hc3
llm_matrix,A,ofsted_llmstrictnessscore,english,z_ofsted_llmstrictnessscore,.1207558359667802,.0078439941785206,1.48868807710e-51,3052,.4489706020651841,hc3
llm_matrix,B,ofsted_llmstrictnessscore,english,z_ofsted_llmstrictnessscore,.12199564916657,.0081377885847876,6.96631823803e-49,2746,.4562795277900453,hc3
llm_matrix,A,ofsted_llmstrictnessscore,maths,z_ofsted_llmstrictnessscore,.1193701398714179,.0076051878581359,1.91134004095e-53,3052,.4656457537147604,hc3
llm_matrix,B,ofsted_llmstrictnessscore,maths,z_ofsted_llmstrictnessscore,.1189001026438504,.0078155578041914,3.11337455208e-50,2746,.4713624456239695,hc3
llm_matrix,A,ofsted_llmstrictnessscore,ebac,z_ofsted_llmstrictnessscore,.1427300797388129,.0084164475238038,1.04802306967e-61,3052,.5021745801781551,hc3
llm_matrix,B,ofsted_llmstrictnessscore,ebac,z_ofsted_llmstrictnessscore,.1424863238481321,.0086981546219293,1.32529388219e-57,2746,.5110044013281985,hc3
llm_matrix,A,ofsted_llmstrictnessscore,open,z_ofsted_llmstrictnessscore,.1567894551490514,.0083918752763733,7.87966749601e-74,3052,.4173635124706948,hc3
llm_matrix,B,ofsted_llmstrictnessscore,open,z_ofsted_llmstrictnessscore,.1528807716572524,.008594061531782,4.49783442215e-67,2746,.4267839398876574,hc3
llm_matrix,A,ofsted_llmwarmthscore,overall,z_ofsted_llmwarmthscore,.0803876403053523,.0062375219625442,4.83401994166e-37,3052,.4785974422344388,hc3
llm_matrix,B,ofsted_llmwarmthscore,overall,z_ofsted_llmwarmthscore,.0768226676179573,.0063444744710865,6.51891237931e-33,2746,.4877089862471387,hc3
llm_matrix,A,ofsted_llmwarmthscore,english,z_ofsted_llmwarmthscore,.0675834126798989,.0067633574675921,3.72257011273e-23,3052,.4181663280246442,hc3
llm_matrix,B,ofsted_llmwarmthscore,english,z_ofsted_llmwarmthscore,.0662910010693675,.0070136516265456,6.92054418950e-21,2746,.4235089489979248,hc3
llm_matrix,A,ofsted_llmwarmthscore,maths,z_ofsted_llmwarmthscore,.0608013406993623,.0064741368407193,1.12448122231e-20,3052,.4293605822242423,hc3
llm_matrix,B,ofsted_llmwarmthscore,maths,z_ofsted_llmwarmthscore,.0581932625961046,.0066110967996766,2.32870740222e-18,2746,.4334483691293197,hc3
llm_matrix,A,ofsted_llmwarmthscore,ebac,z_ofsted_llmwarmthscore,.0834684900017217,.0072646263042466,6.10934346307e-30,3052,.4697162545247303,hc3
llm_matrix,B,ofsted_llmwarmthscore,ebac,z_ofsted_llmwarmthscore,.0800086688602887,.0074901522575631,4.02492946224e-26,2746,.4765730575149185,hc3
llm_matrix,A,ofsted_llmwarmthscore,open,z_ofsted_llmwarmthscore,.101029520294619,.007659510867766,1.13128848602e-38,3052,.3808966737823438,hc3
llm_matrix,B,ofsted_llmwarmthscore,open,z_ofsted_llmwarmthscore,.0950795835735767,.0078458046392561,5.81109221137e-33,2746,.38945948180076,hc3
llm_matrix,A,ofsted_llmteachingscore,overall,z_ofsted_llmteachingscore,.1355455399732207,.0068921624696702,3.74223046484e-81,3052,.5204499338651141,hc3
llm_matrix,B,ofsted_llmteachingscore,overall,z_ofsted_llmteachingscore,.129894991635164,.0070349934423109,7.85703527091e-72,2746,.5278096189722243,hc3
llm_matrix,A,ofsted_llmteachingscore,english,z_ofsted_llmteachingscore,.1237254677628059,.0074429129183626,1.84186717678e-59,3052,.4544898640636088,hc3
llm_matrix,B,ofsted_llmteachingscore,english,z_ofsted_llmteachingscore,.1204287528486525,.0077367020099338,2.06633120907e-52,2746,.4587601149634445,hc3
llm_matrix,A,ofsted_llmteachingscore,maths,z_ofsted_llmteachingscore,.1191496923445451,.007048616607003,2.44220786323e-61,3052,.4686810446683329,hc3
llm_matrix,B,ofsted_llmteachingscore,maths,z_ofsted_llmteachingscore,.1138232759721139,.0072129041240353,9.32198265845e-54,2746,.4707281625142492,hc3
llm_matrix,A,ofsted_llmteachingscore,ebac,z_ofsted_llmteachingscore,.1458429493724085,.0082609511494036,1.74730744101e-66,3052,.5079761865524957,hc3
llm_matrix,B,ofsted_llmteachingscore,ebac,z_ofsted_llmteachingscore,.1395020457472894,.0084630867106364,2.85072786254e-58,2746,.5127832249117268,hc3
llm_matrix,A,ofsted_llmteachingscore,open,z_ofsted_llmteachingscore,.1469044853407937,.008328413296969,2.24279769672e-66,3052,.4128095502178398,hc3
llm_matrix,B,ofsted_llmteachingscore,open,z_ofsted_llmteachingscore,.1399164370636257,.0086189062088336,1.19720288047e-56,2746,.4203299305255275,hc3
llm_matrix,A,bp_llmstrictnessscore_v4,overall,z_bp_llmstrictnessscore_v4,-.0078549167507515,.0071350044101062,.2710337385531408,3065,.4560664632877051,cluster
llm_matrix,B,bp_llmstrictnessscore_v4,overall,z_bp_llmstrictnessscore_v4,-.0067310771492841,.0073613257657522,.3606010805532727,2745,.4646132415650873,cluster
llm_matrix,A,bp_llmstrictnessscore_v4,english,z_bp_llmstrictnessscore_v4,-.0057221955965502,.0075603735675526,.4491922426522894,3065,.4040355099494513,cluster
llm_matrix,B,bp_llmstrictnessscore_v4,english,z_bp_llmstrictnessscore_v4,-.0037049833215397,.0078491861143026,.6369516794714962,2745,.4070807979973783,cluster
llm_matrix,A,bp_llmstrictnessscore_v4,maths,z_bp_llmstrictnessscore_v4,-.0037667705845983,.0072557905194684,.603703474336255,3065,.4167425781594174,cluster
llm_matrix,B,bp_llmstrictnessscore_v4,maths,z_bp_llmstrictnessscore_v4,-.0012551394693237,.0075386373170437,.8677811513911095,2745,.4193202449763915,cluster
llm_matrix,A,bp_llmstrictnessscore_v4,ebac,z_bp_llmstrictnessscore_v4,-.0101298820295041,.0081015519532877,.2112695689070958,3065,.4520792270028517,cluster
llm_matrix,B,bp_llmstrictnessscore_v4,ebac,z_bp_llmstrictnessscore_v4,-.0085784785683901,.0084161397700682,.3081618443458725,2745,.457534074198592,cluster
llm_matrix,A,bp_llmstrictnessscore_v4,open,z_bp_llmstrictnessscore_v4,-.0099894993719221,.0084235651695948,.2357609597355502,3065,.3498635814431243,cluster
llm_matrix,B,bp_llmstrictnessscore_v4,open,z_bp_llmstrictnessscore_v4,-.0105348890184968,.0086576684679824,.2237817194152502,2745,.3608104363136986,cluster
llm_matrix,A,bp_llmwarmthscore_v4,overall,z_bp_llmwarmthscore_v4,-.0170058528020499,.0070192769622229,.0154660746930829,3065,.4569861471126612,cluster
llm_matrix,B,bp_llmwarmthscore_v4,overall,z_bp_llmwarmthscore_v4,-.0152122789962618,.0071922402030263,.0345178671865518,2745,.4653910481514014,cluster
llm_matrix,A,bp_llmwarmthscore_v4,english,z_bp_llmwarmthscore_v4,-.0105508496805537,.008151282204916,.1956393573698248,3065,.4043394020983662,cluster
llm_matrix,B,bp_llmwarmthscore_v4,english,z_bp_llmwarmthscore_v4,-.0086830559288651,.0084179950784075,.3024094816829211,2745,.4073256151946889,cluster
llm_matrix,A,bp_llmwarmthscore_v4,maths,z_bp_llmwarmthscore_v4,-.0151744661004125,.0069600978411233,.0293235444384784,3065,.4176625052985673,cluster
llm_matrix,B,bp_llmwarmthscore_v4,maths,z_bp_llmwarmthscore_v4,-.0112554176304363,.007189889576302,.117600528275057,2745,.4198720843207451,cluster
llm_matrix,A,bp_llmwarmthscore_v4,ebac,z_bp_llmwarmthscore_v4,-.0173665228105364,.0080211472352794,.0304633635044956,3065,.4526904573433677,cluster
llm_matrix,B,bp_llmwarmthscore_v4,ebac,z_bp_llmwarmthscore_v4,-.0152828242757032,.0082457427483897,.0639368522483654,2745,.4580402176516079,cluster
llm_matrix,A,bp_llmwarmthscore_v4,open,z_bp_llmwarmthscore_v4,-.022186315323836,.0084018530568052,.008319980715957,3065,.3511556756492644,cluster
llm_matrix,B,bp_llmwarmthscore_v4,open,z_bp_llmwarmthscore_v4,-.0220716414136272,.0085773708681143,.0101307744448066,2745,.3620912472235586,cluster
llm_matrix,A,web_llmwarmthscore_v13,overall,z_web_llmwarmthscore_v13,-.0051228529170576,.0062442956369059,.4120489428304702,3075,.4555251074549396,hc3
llm_matrix,B,web_llmwarmthscore_v13,overall,z_web_llmwarmthscore_v13,-.0037349245883534,.0062154323915646,.5479486237214202,2755,.4634666577494914,hc3
llm_matrix,A,web_llmwarmthscore_v13,english,z_web_llmwarmthscore_v13,-.0032911038091145,.0066424838600375,.620308989399855,3075,.4039157466270769,hc3
llm_matrix,B,web_llmwarmthscore_v13,english,z_web_llmwarmthscore_v13,-.0013275332595342,.0067259848016928,.8435496507104757,2755,.4067731991545573,hc3
llm_matrix,A,web_llmwarmthscore_v13,maths,z_web_llmwarmthscore_v13,-.0074851053211162,.0063208227732914,.2364265705755783,3075,.4168827403896989,hc3
llm_matrix,B,web_llmwarmthscore_v13,maths,z_web_llmwarmthscore_v13,-.0050499449851485,.0064721238463367,.4353046876322597,2755,.4186356997932,hc3
llm_matrix,A,web_llmwarmthscore_v13,ebac,z_web_llmwarmthscore_v13,-.0032023721537263,.007330947198556,.6622659674595295,3075,.4514090603583625,hc3
llm_matrix,B,web_llmwarmthscore_v13,ebac,z_web_llmwarmthscore_v13,-.0016744675217932,.0074469689798997,.8221109933523896,2755,.4562876392599416,hc3
llm_matrix,A,web_llmwarmthscore_v13,open,z_web_llmwarmthscore_v13,-.0066571079597786,.007829909741871,.3952719062043392,3075,.3496271668082859,hc3
llm_matrix,B,web_llmwarmthscore_v13,open,z_web_llmwarmthscore_v13,-.0065075205622064,.0076613385559315,.3957343868557408,2755,.360146613355646,hc3
llm_matrix,A,web_llmstrictnessscore_v13,overall,z_web_llmstrictnessscore_v13,.0063457803062392,.0068530216322952,.3545278342172552,3075,.4555807490388272,hc3
llm_matrix,B,web_llmstrictnessscore_v13,overall,z_web_llmstrictnessscore_v13,.0045008358170486,.0070163084445945,.5212631653371773,2755,.4634923489245588,hc3
llm_matrix,A,web_llmstrictnessscore_v13,english,z_web_llmstrictnessscore_v13,.0045934933274225,.0072268170436945,.525073053132621,3075,.4039548576004565,hc3
llm_matrix,B,web_llmstrictnessscore_v13,english,z_web_llmstrictnessscore_v13,.0012035475975574,.0074400056139928,.871501237152985,2755,.4067719316169193,hc3
llm_matrix,A,web_llmstrictnessscore_v13,maths,z_web_llmstrictnessscore_v13,.0112440325390443,.0069143903935161,.1040145374230093,3075,.4171793637843427,hc3
llm_matrix,B,web_llmstrictnessscore_v13,maths,z_web_llmstrictnessscore_v13,.0107273242736251,.0071134076949499,.1316587400350402,2755,.4190267180900673,hc3
llm_matrix,A,web_llmstrictnessscore_v13,ebac,z_web_llmstrictnessscore_v13,.0041172544437725,.0078979900281094,.6021926325953095,3075,.4514292751755491,hc3
llm_matrix,B,web_llmstrictnessscore_v13,ebac,z_web_llmstrictnessscore_v13,.0037957824090496,.0081360036381223,.6408650945639063,2755,.4563238056570375,hc3
llm_matrix,A,web_llmstrictnessscore_v13,open,z_web_llmstrictnessscore_v13,.0074866308094158,.0081753343391908,.3598657105798083,3075,.3496647273659376,hc3
llm_matrix,B,web_llmstrictnessscore_v13,open,z_web_llmstrictnessscore_v13,.0039809935501886,.0084046136894026,.6357746408714586,2755,.3600567643057876,hc3
llm_matrix,A,web_llmstrictnessscore_v15,overall,z_web_llmstrictnessscore_v15,.0058866110593873,.0068564524508545,.390655684228836,3075,.4555582466366734,hc3
llm_matrix,B,web_llmstrictnessscore_v15,overall,z_web_llmstrictnessscore_v15,.0041326294841542,.0070217676322129,.5562147026282618,2755,.4634792361721761,hc3
llm_matrix,A,web_llmstrictnessscore_v15,english,z_web_llmstrictnessscore_v15,.0044288025352247,.0072513187991169,.5414049606188815,3075,.4039491606668091,hc3
llm_matrix,B,web_llmstrictnessscore_v15,english,z_web_llmstrictnessscore_v15,.0012549169870035,.007485316831547,.866870616261648,2755,.4067724258773149,hc3
llm_matrix,A,web_llmstrictnessscore_v15,maths,z_web_llmstrictnessscore_v15,.0105805206346128,.0069071015337496,.1256670803572238,3075,.4171180614671032,hc3
llm_matrix,B,web_llmstrictnessscore_v15,maths,z_web_llmstrictnessscore_v15,.0099177305151122,.0070904737954147,.1620040086496615,2755,.4189536313735182,hc3
llm_matrix,A,web_llmstrictnessscore_v15,ebac,z_web_llmstrictnessscore_v15,.0035653337414126,.0079018939272174,.6518774131201082,3075,.4514163754573292,hc3
llm_matrix,B,web_llmstrictnessscore_v15,ebac,z_web_llmstrictnessscore_v15,.003171172970834,.008149971860437,.6972306699784321,2755,.4563102239513191,hc3
llm_matrix,A,web_llmstrictnessscore_v15,open,z_web_llmstrictnessscore_v15,.0070818251182219,.00817640966649,.3864872658857555,3075,.3496454771317463,hc3
llm_matrix,B,web_llmstrictnessscore_v15,open,z_web_llmstrictnessscore_v15,.0039205075879272,.0083955605641449,.640555659854666,2755,.3600551576723948,hc3
llm_matrix,A,web_tradethos_v2,overall,z_web_tradethos_v2,.0305380697762089,.0077692675486427,.0000865992422873,3075,.4591798631622934,hc3
llm_matrix,B,web_tradethos_v2,overall,z_web_tradethos_v2,.0265435165742546,.007577869522448,.0004678130659052,2755,.4663393230576586,hc3
llm_matrix,A,web_tradethos_v2,english,z_web_tradethos_v2,.0251093266633841,.0080915234699265,.0019320900302352,3075,.406305026589908,hc3
llm_matrix,B,web_tradethos_v2,english,z_web_tradethos_v2,.0206106808744746,.0079238059811336,.0093422427085226,2755,.4084431058061634,hc3
llm_matrix,A,web_tradethos_v2,maths,z_web_tradethos_v2,.036172620108036,.0078254332026218,3.94919295315e-06,3075,.4222185790625098,hc3
llm_matrix,B,web_tradethos_v2,maths,z_web_tradethos_v2,.0325935215965604,.007913355965074,.0000392119319847,2755,.4232076645363171,hc3
llm_matrix,A,web_tradethos_v2,ebac,z_web_tradethos_v2,.031667524600573,.0090668670750649,.0004849925344169,3075,.4544494247338977,hc3
llm_matrix,B,web_tradethos_v2,ebac,z_web_tradethos_v2,.0270760298554067,.0089505380577906,.0025088003920259,2755,.4585861334603416,hc3
llm_matrix,A,web_tradethos_v2,open,z_web_tradethos_v2,.030751186579624,.0088209277232761,.0004968873492398,3075,.3525878106058479,hc3
llm_matrix,B,web_tradethos_v2,open,z_web_tradethos_v2,.0273770631199842,.0086395952771262,.0015476017830041,2755,.3625431647899378,hc3
llm_matrix,A,web_tradpedagogy_v1b,overall,z_web_tradpedagogy_v1b,.0249732416520286,.0088666971640889,.0048857545818987,3075,.4579438025607114,hc3
llm_matrix,B,web_tradpedagogy_v1b,overall,z_web_tradpedagogy_v1b,.022729278086593,.0089985286999548,.0115965003474568,2755,.465567618417609,hc3
llm_matrix,A,web_tradpedagogy_v1b,english,z_web_tradpedagogy_v1b,.0232706011406939,.0092714353135684,.0121268649552311,3075,.4059699464640285,hc3
llm_matrix,B,web_tradpedagogy_v1b,english,z_web_tradpedagogy_v1b,.0221655288315413,.0095755874669327,.0206976283328004,2755,.4087146751750474,hc3
llm_matrix,A,web_tradpedagogy_v1b,maths,z_web_tradpedagogy_v1b,.023332500289818,.009154701285255,.0108611897498764,3075,.4189725487511496,hc3
llm_matrix,B,web_tradpedagogy_v1b,maths,z_web_tradpedagogy_v1b,.0205209668909548,.0093973515980756,.0290690132879071,2755,.4203889813128141,hc3
llm_matrix,A,web_tradpedagogy_v1b,ebac,z_web_tradpedagogy_v1b,.0320779690140327,.0099928032505772,.0013405643283468,3075,.4545415129948303,hc3
llm_matrix,B,web_tradpedagogy_v1b,ebac,z_web_tradpedagogy_v1b,.0300393313779501,.010158547482715,.0031325012229479,2755,.459132027687993,hc3
llm_matrix,A,web_tradpedagogy_v1b,open,z_web_tradpedagogy_v1b,.020938069747366,.009183196635171,.0226736417566943,3075,.350927303983632,hc3
llm_matrix,B,web_tradpedagogy_v1b,open,z_web_tradpedagogy_v1b,.0183915858757352,.009289783968545,.0478298219472486,2755,.361154990634158,hc3
llm_matrix,A,faith_prominence,overall,z_faith_prominence,.0193992699941789,.0072002947522224,.0070935671429171,3075,.4568228503363703,hc3
llm_matrix,B,faith_prominence,overall,z_faith_prominence,.020758912819716,.0074647150217678,.0054572325887778,2755,.4650579300204637,hc3
llm_matrix,A,faith_prominence,english,z_faith_prominence,.0196742764877754,.0074407639702183,.0082321144987876,3075,.405254290384887,hc3
llm_matrix,B,faith_prominence,english,z_faith_prominence,.0209295669793275,.0077519953451124,.0069787529772254,2755,.4083571754119266,hc3
llm_matrix,A,faith_prominence,maths,z_faith_prominence,-.0089458771987307,.0071884045450254,.2134155040621368,3075,.4169598984251515,hc3
llm_matrix,B,faith_prominence,maths,z_faith_prominence,-.0069234648125682,.0074271363983185,.3513230191737222,2755,.4187180220568766,hc3
llm_matrix,A,faith_prominence,ebac,z_faith_prominence,.0025824425570572,.0083019577446143,.7557729112971144,3075,.4513966120955183,hc3
llm_matrix,B,faith_prominence,ebac,z_faith_prominence,.0039820056897771,.0086143171695842,.6439355984396182,2755,.4563247539713094,hc3
llm_matrix,A,faith_prominence,open,z_faith_prominence,.0562950536261303,.0085016473271221,4.17813211992e-11,3075,.359107848614861,hc3
llm_matrix,B,faith_prominence,open,z_faith_prominence,.0572900966754632,.0089160788397557,1.54457500718e-10,2755,.3702359208248178,hc3
llm_matrix,A,trx_llmstrictnessscore_v13,overall,z_trx_llmstrictnessscore_v13,-.0252397816712166,.0246074145365702,.3059763043638031,274,.4230361859506796,hc3
llm_matrix,B,trx_llmstrictnessscore_v13,overall,z_trx_llmstrictnessscore_v13,-.009269249923343,.0260913067883865,.7227079565596,251,.4100249965579318,hc3
llm_matrix,A,trx_llmstrictnessscore_v13,english,z_trx_llmstrictnessscore_v13,-.0250906525507772,.025180966694418,.3199651917836977,274,.4024894157487132,hc3
llm_matrix,B,trx_llmstrictnessscore_v13,english,z_trx_llmstrictnessscore_v13,-.0069777088845411,.0270977629098095,.7970143178763135,251,.3896191962216103,hc3
llm_matrix,A,trx_llmstrictnessscore_v13,maths,z_trx_llmstrictnessscore_v13,-.0197987355308858,.0249755846215173,.4286533808258562,274,.347230445007625,hc3
llm_matrix,B,trx_llmstrictnessscore_v13,maths,z_trx_llmstrictnessscore_v13,-.0050373913513357,.0270321235024452,.8523303381946423,251,.3284657882655795,hc3
llm_matrix,A,trx_llmstrictnessscore_v13,ebac,z_trx_llmstrictnessscore_v13,-.0058389419824849,.0285241306576202,.8379634130354936,274,.4262492368095655,hc3
llm_matrix,B,trx_llmstrictnessscore_v13,ebac,z_trx_llmstrictnessscore_v13,.0093093269814904,.0309084729672325,.7635324888114683,251,.4141132244404969,hc3
llm_matrix,A,trx_llmstrictnessscore_v13,open,z_trx_llmstrictnessscore_v13,-.049408839050725,.0288351401900433,.0878000412967719,274,.3461444962603522,hc3
llm_matrix,B,trx_llmstrictnessscore_v13,open,z_trx_llmstrictnessscore_v13,-.0324242799884368,.029282845758034,.2692911604288601,251,.3317184134455959,hc3
llm_matrix,A,trx_llmteachingscore_v3,overall,z_trx_llmteachingscore_v3,-.0085091518880645,.0262853533398732,.7464056521300049,274,.420639607340678,hc3
llm_matrix,B,trx_llmteachingscore_v3,overall,z_trx_llmteachingscore_v3,.0187946072371271,.0249285798720842,.4516316178371417,251,.411260524078403,hc3
llm_matrix,A,trx_llmteachingscore_v3,english,z_trx_llmteachingscore_v3,-.0089258302454359,.026277694260964,.7343736944320736,274,.4001754684059042,hc3
llm_matrix,B,trx_llmteachingscore_v3,english,z_trx_llmteachingscore_v3,.0129583703906015,.0255648461294248,.6127066337540654,251,.390152248662658,hc3
llm_matrix,A,trx_llmteachingscore_v3,maths,z_trx_llmteachingscore_v3,.0001068728470293,.0259538104074396,.9967175943302644,274,.3454767142498146,hc3
llm_matrix,B,trx_llmteachingscore_v3,maths,z_trx_llmteachingscore_v3,.0273099297928982,.0251346516725455,.2783371675028537,251,.3319285591134391,hc3
llm_matrix,A,trx_llmteachingscore_v3,ebac,z_trx_llmteachingscore_v3,.0058430621443705,.0283669993483969,.8369651302679879,274,.4262492092190472,hc3
llm_matrix,B,trx_llmteachingscore_v3,ebac,z_trx_llmteachingscore_v3,.0361736779135832,.0275900204741656,.1910826255817569,251,.4182513447396237,hc3
llm_matrix,A,trx_llmteachingscore_v3,open,z_trx_llmteachingscore_v3,-.0299053499600913,.0319102294490163,.349530261759241,274,.3407029181248891,hc3
llm_matrix,B,trx_llmteachingscore_v3,open,z_trx_llmteachingscore_v3,-.0013546035103792,.0301342903656967,.9641830796187019,251,.3276440232554854,hc3
llm_matrix,A,trx_llmwarmthscore_v15,overall,z_trx_llmwarmthscore_v15,.0122257350642821,.02452466858686,.6185429216417032,274,.4209929410921629,hc3
llm_matrix,B,trx_llmwarmthscore_v15,overall,z_trx_llmwarmthscore_v15,.0176940383978002,.0245491657537109,.4717649935439155,251,.4111408689635978,hc3
llm_matrix,A,trx_llmwarmthscore_v15,english,z_trx_llmwarmthscore_v15,.0116942537068058,.024163747880477,.6288179753852601,274,.4004395991015741,hc3
llm_matrix,B,trx_llmwarmthscore_v15,english,z_trx_llmwarmthscore_v15,.0157827286857735,.0245090649783528,.5202248537345939,251,.3905673085577596,hc3
llm_matrix,A,trx_llmwarmthscore_v15,maths,z_trx_llmwarmthscore_v15,.0039814066914467,.0258749520867012,.8778293939899051,274,.3455504692801347,hc3
llm_matrix,B,trx_llmwarmthscore_v15,maths,z_trx_llmwarmthscore_v15,.006235889717963,.0269198800740283,.8170118082028905,251,.3285384482732813,hc3
llm_matrix,A,trx_llmwarmthscore_v15,ebac,z_trx_llmwarmthscore_v15,.0307074447141607,.0280714890042425,.2749990439619348,274,.4292474833700819,hc3
llm_matrix,B,trx_llmwarmthscore_v15,ebac,z_trx_llmwarmthscore_v15,.0339231203994614,.0291086979443797,.2450259341257234,251,.4178952502439068,hc3
llm_matrix,A,trx_llmwarmthscore_v15,open,z_trx_llmwarmthscore_v15,.000024973071685,.0289980848655867,.9993135169343366,274,.3375651740469281,hc3
llm_matrix,B,trx_llmwarmthscore_v15,open,z_trx_llmwarmthscore_v15,.0107704397395295,.0281662589050226,.7025148262338201,251,.3281046411710686,hc3
llm_matrix,A,trx_llmwarmthscore_counts,overall,z_trx_llmwarmthscore_counts,.0294309036524786,.0265207337363088,.2681282248502923,274,.424050869852617,hc3
llm_matrix,B,trx_llmwarmthscore_counts,overall,z_trx_llmwarmthscore_counts,.033750254983568,.0217568673549104,.1221714358570961,251,.4149527415872334,hc3
llm_matrix,A,trx_llmwarmthscore_counts,english,z_trx_llmwarmthscore_counts,.0339354022600628,.0269167388219771,.2085145867244259,274,.4047416821824382,hc3
llm_matrix,B,trx_llmwarmthscore_counts,english,z_trx_llmwarmthscore_counts,.039054063774732,.0233716492405386,.0960357331545593,251,.3963050533464697,hc3
llm_matrix,A,trx_llmwarmthscore_counts,maths,z_trx_llmwarmthscore_counts,-.0026002158178893,.0264294921102252,.9217030209118465,274,.3455072614218991,hc3
llm_matrix,B,trx_llmwarmthscore_counts,maths,z_trx_llmwarmthscore_counts,-.0018024913033114,.0256806980268492,.9441025160580053,251,.3283587188957403,hc3
llm_matrix,A,trx_llmwarmthscore_counts,ebac,z_trx_llmwarmthscore_counts,.0388889883285629,.0279091621017578,.1646713962998007,274,.4309835818065444,hc3
llm_matrix,B,trx_llmwarmthscore_counts,ebac,z_trx_llmwarmthscore_counts,.0354928407286143,.0256844133611942,.16830345626992,251,.4181280415894284,hc3
llm_matrix,A,trx_llmwarmthscore_counts,open,z_trx_llmwarmthscore_counts,.0392491918154051,.0329471592885618,.2346188423526759,274,.3430413996936467,hc3
llm_matrix,B,trx_llmwarmthscore_counts,open,z_trx_llmwarmthscore_counts,.0522963004747662,.0249194643179382,.0369052964844244,251,.3382846700079968,hc3
entry,A,gold,ebacc_entry,z_gs_warmth_enacted,.0012677532894128,.033402872669448,.9698107873364454,100,.4377290148533236,hc3
entry,A,gold,ebacc_entry,z_gs_strictness_enacted,.0362943630887385,.0318183492269904,.2571004831226128,100,.4377290148533236,hc3
entry,A,national,ebacc_entry,z_ofsted_llmstrictnessscore,.0349287129651411,.0042250080564179,2.01934933664e-16,3076,.2799252704689473,hc3
entry,A,gold,hum_entry,z_gs_warmth_enacted,-.0083570722459504,.0143924735337824,.562956570514148,100,.1660352183269386,hc3
entry,A,gold,hum_entry,z_gs_strictness_enacted,.0260562618108178,.0121000886983734,.0340225962366043,100,.1660352183269386,hc3
entry,A,national,hum_entry,z_ofsted_llmstrictnessscore,.0162049566119447,.0023848755819599,1.29718891693e-11,3076,.0450266770989254,hc3
entry,A,gold,lang_entry,z_gs_warmth_enacted,.0169381147505444,.0299958608742413,.5737268782275178,100,.479095210326,hc3
entry,A,gold,lang_entry,z_gs_strictness_enacted,.0139103189356048,.0301069129361779,.6451995258279266,100,.479095210326,hc3
entry,A,national,lang_entry,z_ofsted_llmstrictnessscore,.0314338758691061,.0039959011324059,5.01181924970e-15,3076,.3513792593509609,hc3
channel,A,national_without,ebac,z_ofsted_llmstrictnessscore,.1427300797388129,.0084164475238038,1.04802306967e-61,3052,.5021745801781551,hc3
channel,A,national_with,ebac,z_ofsted_llmstrictnessscore,.1227219572048802,.0078184800828838,1.89994248670e-53,3052,.5519250935901726,hc3
channel,A,national_with,ebac,ebacc_entry,.5958587868994618,.0426028952459347,3.98493135053e-43,3052,.5519250935901726,hc3
channel,A,gold_without,ebac,z_gs_strictness_enacted,.2316728797107618,.0439249817289319,9.27118560194e-07,100,.5289781848313933,hc3
channel,A,gold_with,ebac,z_gs_strictness_enacted,.2054494493605486,.0427964372119493,6.43003960760e-06,100,.5919865915417539,hc3
channel,A,gold_with,ebac,ebacc_entry,.7074696741802778,.1957395895165585,.0005009749996998,100,.5919865915417539,hc3
entry,B,gold,ebacc_entry,z_gs_warmth_enacted,-.0064506413011201,.0332271227005034,.8465311872912527,99,.4490129977712874,hc3
entry,B,gold,ebacc_entry,z_gs_strictness_enacted,.0445627248367542,.0333031351872741,.1844345207191956,99,.4490129977712874,hc3
entry,B,national,ebacc_entry,z_ofsted_llmstrictnessscore,.0298735530796802,.0045048723410149,3.99111994932e-11,2753,.2785882107699441,hc3
entry,B,gold,hum_entry,z_gs_warmth_enacted,-.009417143541467,.0147538583138671,.5250051668110061,99,.1663687853763942,hc3
entry,B,gold,hum_entry,z_gs_strictness_enacted,.0273304518074482,.0126522235698355,.0335779670911027,99,.1663687853763942,hc3
entry,B,national,hum_entry,z_ofsted_llmstrictnessscore,.0147573649883236,.0025688867002154,1.02254462724e-08,2753,.0455511965061666,hc3
entry,B,gold,lang_entry,z_gs_warmth_enacted,.0097970912727453,.0296764891656608,.7421142130647655,99,.4917758467334462,hc3
entry,B,gold,lang_entry,z_gs_strictness_enacted,.0213957488378504,.0311313491250482,.4937814253910765,99,.4917758467334462,hc3
entry,B,national,lang_entry,z_ofsted_llmstrictnessscore,.0267204001256737,.0042426874472922,3.50080029644e-10,2753,.3535767876658318,hc3
channel,B,national_without,ebac,z_ofsted_llmstrictnessscore,.1424863238481321,.0086981546219293,1.32529388219e-57,2746,.5110044013281985,hc3
channel,B,national_with,ebac,z_ofsted_llmstrictnessscore,.1251986385397292,.0080530674235499,2.72661334014e-52,2746,.5589167610125076,hc3
channel,B,national_with,ebac,ebacc_entry,.5777280599154906,.0441671570811127,5.74472035465e-38,2746,.5589167610125076,hc3
channel,B,gold_without,ebac,z_gs_strictness_enacted,.2435816639983073,.0424734444747652,1.42131636027e-07,99,.5521903273245318,hc3
channel,B,gold_with,ebac,z_gs_strictness_enacted,.2175305071067067,.0418888199384232,1.39443663611e-06,99,.6036837680098992,hc3
channel,B,gold_with,ebac,ebacc_entry,.6436982470704119,.1940879552933076,.0013421592608732,99,.6036837680098992,hc3
p8proxy,A,gold,pseudo_p8_2425,z_gs_warmth_enacted,.1616325812821342,.0500805578874565,.0017552054897207,100,.4800599183190296,hc3
p8proxy,A,gold,pseudo_p8_2425,z_gs_strictness_enacted,.1351885038363435,.0500240418328647,.0082582846602963,100,.4800599183190296,hc3
p8proxy,A,gold,pseudo_p8_2425_eng,z_gs_warmth_enacted,.1816378126375719,.0508634493945816,.0005789433132589,100,.4500503823651353,hc3
p8proxy,A,gold,pseudo_p8_2425_eng,z_gs_strictness_enacted,.0918766804564951,.0503197096384582,.0712631930696295,100,.4500503823651353,hc3
p8proxy,A,gold,pseudo_p8_2425_mat,z_gs_warmth_enacted,.1135781578087527,.0614945894452111,.0681134131679125,100,.3952541871221311,hc3
p8proxy,A,gold,pseudo_p8_2425_mat,z_gs_strictness_enacted,.1564366718075326,.0556848963186027,.0061164017939015,100,.3952541871221311,hc3
p8proxy,A,gold,p8mea_avg,z_gs_warmth_enacted,.1537070797033026,.0410919322387553,.0003264366687292,100,.6092663893966638,hc3
p8proxy,A,gold,p8mea_avg,z_gs_strictness_enacted,.0975015237089247,.0395020768613512,.0155107957792475,100,.6092663893966638,hc3
p8proxy,A,national,pseudo_p8_2425,z_ofsted_llmstrictnessscore,.1540711919361478,.008833614938947,4.99368909033e-65,3076,.2755731839146253,hc3
p8proxy,A,national,pseudo_p8_2425_eng,z_ofsted_llmstrictnessscore,.1343748600628831,.0092503469349969,2.74571555390e-46,3076,.2169060123820564,hc3
p8proxy,A,national,pseudo_p8_2425_mat,z_ofsted_llmstrictnessscore,.1361949184362273,.0091663758933756,2.83634412972e-48,3076,.2493932187826682,hc3
p8proxy,A,national,p8mea_avg,z_ofsted_llmstrictnessscore,.1370248292130853,.0072309995329583,8.76728380581e-76,3052,.517642498068859,hc3
p8proxy,B,gold,pseudo_p8_2425,z_gs_warmth_enacted,.1645518758213129,.056755299631106,.0047577703472925,99,.4902201434966449,hc3
p8proxy,B,gold,pseudo_p8_2425,z_gs_strictness_enacted,.1351839079188542,.0545754362522237,.0152296616481889,99,.4902201434966449,hc3
p8proxy,B,gold,pseudo_p8_2425_eng,z_gs_warmth_enacted,.1949813822773332,.0574559120660343,.0010498180135309,99,.4609783750930225,hc3
p8proxy,B,gold,pseudo_p8_2425_eng,z_gs_strictness_enacted,.0808099249846377,.0547236380623664,.1434537727135103,99,.4609783750930225,hc3
p8proxy,B,gold,pseudo_p8_2425_mat,z_gs_warmth_enacted,.1156094545147017,.0666026229583692,.0862212368084342,99,.3947937586096902,hc3
p8proxy,B,gold,pseudo_p8_2425_mat,z_gs_strictness_enacted,.1570493978967986,.0606070262236722,.0112524424732128,99,.3947937586096902,hc3
p8proxy,B,gold,p8mea_avg,z_gs_warmth_enacted,.1473281036664669,.0430578070911701,.0009591461351561,99,.6240580913673281,hc3
p8proxy,B,gold,p8mea_avg,z_gs_strictness_enacted,.1069117167667553,.0414311272006809,.0115836852671907,99,.6240580913673281,hc3
p8proxy,B,national,pseudo_p8_2425,z_ofsted_llmstrictnessscore,.153403743453172,.0091789039251033,8.76252530537e-60,2753,.2805967536146367,hc3
p8proxy,B,national,pseudo_p8_2425_eng,z_ofsted_llmstrictnessscore,.1361568450461492,.0096431755754134,9.48574812290e-44,2753,.2251566463461672,hc3
p8proxy,B,national,pseudo_p8_2425_mat,z_ofsted_llmstrictnessscore,.1359432827228261,.0095472911930087,1.94313603107e-44,2753,.2506266321631618,hc3
p8proxy,B,national,p8mea_avg,z_ofsted_llmstrictnessscore,.1358064930212837,.0073866726837976,2.86849243948e-71,2746,.5285702691039633,hc3
p8proxy,z,gold_pseudo,overall,g_gs_warmth_enacted,.1635801548103668,.0564201450370982,.0047577703472924,99,.4902201434966449,hc3
p8proxy,z,gold_pseudo,overall,g_gs_strictness_enacted,.1340133371445606,.0541028621740313,.0152296616481886,99,.4902201434966449,hc3
p8proxy,z,gold_real,overall,g_gs_warmth_enacted,.1464580934455502,.0428035397020747,.0009591461351559,99,.6240580913673277,hc3
p8proxy,z,gold_real,overall,g_gs_strictness_enacted,.1059859576804607,.0410723709892808,.0115836852671895,99,.6240580913673277,hc3
p8proxy,,corr_pseudo_vs_real_p8avg,overall,pearson,.7193237149488828,,,3140,,
semh,,tier1_S,semh_share,z_gs_strictness_enacted,-.2573647397830666,.2798948134634416,.3605956320990763,94,.5591462078828796,hc3
semh,,tier1_S,semh_share,semh_share_2016,.1762621261805925,.1204346379523147,.1472351325069354,94,.5591462078828796,hc3
semh,,tier1_W,semh_share,z_gs_warmth_enacted,-.0941999744130745,.2395469688867498,.6951866255361572,94,.5465209426550242,hc3
semh,,tier1_W,semh_share,semh_share_2016,.1913360347608363,.1147453055104947,.0993282953807648,94,.5465209426550242,hc3
semh,,national_S,semh_share,z_ofsted_llmstrictnessscore,-.1075773601357953,.0433504567406315,.0131435934260557,2594,.4842424220242436,hc3
semh,,national_S,semh_share,semh_share_2016,.1941949223647863,.0224629380193227,9.27113230203e-18,2594,.4842424220242436,hc3
continuity,all,z,overall,g_gs_warmth_enacted,.1464580934455502,.0428035397020747,.0009591461351559,99,.6240580913673277,hc3
continuity,all,z,overall,g_gs_strictness_enacted,.1059859576804607,.0410723709892808,.0115836852671895,99,.6240580913673277,hc3
continuity,unchanged,z,overall,g_gs_warmth_enacted,-.0054635719058449,.1711753547372171,.9751655294772541,22,.7296044904742766,hc3
continuity,unchanged,z,overall,g_gs_strictness_enacted,.3105829694718601,.2678000189402768,.2730889602887984,22,.7296044904742766,hc3
continuity,all,z,english,g_gs_warmth_enacted,.1620666629477557,.0419829402391421,.0002200957915835,99,.615426834611061,hc3
continuity,all,z,english,g_gs_strictness_enacted,.0714900690635243,.0443276832501724,.1105027799572575,99,.615426834611061,hc3
continuity,unchanged,z,english,g_gs_warmth_enacted,.0159789526031928,.159573077160667,.922215738792395,22,.8062416222708971,hc3
continuity,unchanged,z,english,g_gs_strictness_enacted,.3314470479453688,.2642194400776668,.2382103335689636,22,.8062416222708971,hc3
continuity,all,z,maths,g_gs_warmth_enacted,.1350367118617164,.0519957681879337,.0110782701954975,99,.5395352308646694,hc3
continuity,all,z,maths,g_gs_strictness_enacted,.0762015354070488,.0446015226066462,.0911937363943087,99,.5395352308646694,hc3
continuity,unchanged,z,maths,g_gs_warmth_enacted,-.0298729310756291,.1741856682070117,.86725099876069,22,.6130418897546098,hc3
continuity,unchanged,z,maths,g_gs_strictness_enacted,.272286209610319,.2691941051869526,.3356313876924928,22,.6130418897546098,hc3
continuity,all,z,ebac,g_gs_warmth_enacted,.1638917679300336,.0520064901849064,.0022445418962044,99,.5965145719242942,hc3
continuity,all,z,ebac,g_gs_strictness_enacted,.1378035705917966,.0511182065925451,.0084638226884676,99,.5965145719242942,hc3
continuity,unchanged,z,ebac,g_gs_warmth_enacted,-.028592281217695,.2397208849418455,.9074209990494713,22,.6030046885341958,hc3
continuity,unchanged,z,ebac,g_gs_strictness_enacted,.3240107191414875,.3556485867315782,.3837087323322761,22,.6030046885341958,hc3
continuity,all,z,open,g_gs_warmth_enacted,.131001616528282,.0569416057822381,.0238613297776402,99,.5144221222764737,hc3
continuity,all,z,open,g_gs_strictness_enacted,.1186841321564867,.0553568898413714,.0348903634585281,99,.5144221222764737,hc3
continuity,unchanged,z,open,g_gs_warmth_enacted,.033743992429261,.2394475901622757,.8907280791901819,22,.7417472213769873,hc3
continuity,unchanged,z,open,g_gs_strictness_enacted,.2942002713981129,.349307260289791,.4193411682274658,22,.7417472213769873,hc3
continuity,count,unchanged,,n,22,,,,,
continuity,count,changed,,n,7,,,,,
continuity,count,determined,,n,29,,,,,
espoused_primary,,z,overall,g_gs_warmth_espoused,.0505508119699509,.0476873993077459,.2921268265042531,99,.5021384744892825,hc3
espoused_primary,,z,overall,g_gs_strictness_espoused,.1195769033014498,.0497118016119622,.0183241427081626,99,.5021384744892825,hc3
espoused_primary,,z,english,g_gs_warmth_espoused,.0100483196548967,.0462661649446535,.8285845987714733,99,.4996855476413908,hc3
espoused_primary,,z,english,g_gs_strictness_espoused,.1131637518464875,.0504154665252865,.0273894193862951,99,.4996855476413908,hc3
espoused_primary,,z,maths,g_gs_warmth_espoused,.0922929321865285,.0494259778626832,.0653071235084256,99,.4345342665463141,hc3
espoused_primary,,z,maths,g_gs_strictness_espoused,.0402021790952448,.0473006951235826,.397752861023295,99,.4345342665463141,hc3
primary_z,,stage1,overall,z_gs_warmth_enacted,.1473281036664669,.0430578070911701,.0009591461351561,99,.6240580913673281,hc3
primary_z,,stage1,overall,z_gs_strictness_enacted,.1069117167667553,.0414311272006809,.0115836852671907,99,.6240580913673281,hc3
primary_z,,warmthonly,overall,z_gs_warmth_enacted,.22001787022922,.0334958869837639,3.70866053609e-09,99,.5971773571604302,hc3
primary_z,,strictonly,overall,z_gs_strictness_enacted,.2003622285109762,.0330368571018595,3.42737084680e-08,99,.5764358499959231,hc3
primary_z,,stage2,overall,z_gs_teaching_enacted,.2073228020665286,.0421946581647021,4.22965991661e-06,99,.5545715300359628,hc3
primary_z,,stage3,overall,z_gs_warmth_enacted,.1380821073429598,.0580724862272517,.0196887320812579,99,.6243084365009622,hc3
primary_z,,stage3,overall,z_gs_strictness_enacted,.1042077104676614,.0423439732285711,.015903192796582,99,.6243084365009622,hc3
primary_z,,stage3,overall,z_gs_teaching_enacted,.0148703024579333,.0648023058933519,.8190600573612898,99,.6243084365009622,hc3
primary_z,sd,sd_in_sample,overall,gs_warmth_enacted,.9558855000783025,,,99,,
primary_z,sd,sd_in_sample,overall,gs_strictness_enacted,.8804704426447588,,,99,,
primary_z,,stage1,english,z_gs_warmth_enacted,.1630293933091667,.0422323329920643,.0002200957915835,99,.6154268346110613,hc3
primary_z,,stage1,english,z_gs_strictness_enacted,.0721145157587641,.0447148737463605,.1105027799572598,99,.6154268346110613,hc3
primary_z,,warmthonly,english,z_gs_warmth_enacted,.2120603833149372,.0354678730327027,4.97710753597e-08,99,.6044657039392455,hc3
primary_z,,strictonly,english,z_gs_strictness_enacted,.1755243870252951,.0383367255546042,.0000156835567472,99,.5631643670423788,hc3
primary_z,,stage2,english,z_gs_teaching_enacted,.1886777911915092,.0421848495915237,.0000234893211359,99,.5559783350053724,hc3
primary_z,,stage3,english,z_gs_warmth_enacted,.1673821162938836,.0642153386912781,.0108183513026934,99,.6154765594322984,hc3
primary_z,,stage3,english,z_gs_strictness_enacted,.073387476503834,.0462762694015878,.1165296704478493,99,.6154765594322984,hc3
primary_z,,stage3,english,z_gs_teaching_enacted,-.0070004686389262,.0730147871315082,.9238463042574474,99,.6154765594322984,hc3
primary_z,sd,sd_in_sample,english,gs_warmth_enacted,.9558855000783025,,,99,,
primary_z,sd,sd_in_sample,english,gs_strictness_enacted,.8804704426447588,,,99,,
primary_z,,stage1,maths,z_gs_warmth_enacted,.1358388752434372,.0523046404988027,.0110782701954983,99,.5395352308646693,hc3
primary_z,,stage1,maths,z_gs_strictness_enacted,.076867135504803,.0449911050166126,.0911937363943131,99,.5395352308646693,hc3
primary_z,,warmthonly,maths,z_gs_warmth_enacted,.1881011932116498,.0388216395997382,5.54442516982e-06,99,.5243516684408366,hc3
primary_z,,strictonly,maths,z_gs_strictness_enacted,.1630300066091291,.0346298854279564,9.51114060944e-06,99,.4952979368727104,hc3
primary_z,,stage2,maths,z_gs_teaching_enacted,.1662724266322649,.0487745653045546,.0009944780772313,99,.4765085047448647,hc3
primary_z,,stage3,maths,z_gs_warmth_enacted,.1447333818905011,.0620075932150659,.0219773556875136,99,.5397883804463692,hc3
primary_z,,stage3,maths,z_gs_strictness_enacted,.0794683480901732,.0478394366983437,.100412072281067,99,.5397883804463692,hc3
primary_z,,stage3,maths,z_gs_teaching_enacted,-.0143050028821306,.0695073184063702,.8374406493507415,99,.5397883804463692,hc3
primary_z,sd,sd_in_sample,maths,gs_warmth_enacted,.9558855000783025,,,99,,
primary_z,sd,sd_in_sample,maths,gs_strictness_enacted,.8804704426447588,,,99,,
